96203;Creamer;Nickie;Nickie.Creamer@dev.null;Zuzana
63190;Vittoria;Ada;Ada.Vittoria@dev.null;Mayeda
77034;Ingra;Justinn;Justinn.Ingra@dev.null;Marden
24077;Wilkinson;Marinna;Marinna.Wilkinson@dev.null;Land
66383;Standing;Arabel;Arabel.Standing@dev.null;Lubin
10021;Bethany;Ayn;Ayn.Bethany@dev.null;Tryck
43923;Winnick;Kenna;Kenna.Winnick@dev.null;Gillan
47695;Tillford;Karly;Karly.Tillford@dev.null;Dorothy
58026;Phaidra;Ivett;Ivett.Phaidra@dev.null;Regan
46073;Aaberg;Clementine;Clementine.Aaberg@dev.null;Romelda
20912;Harned;Alex;Alex.Harned@dev.null;Wind
86057;Curren;Kara-Lynn;Kara-Lynn.Curren@dev.null;Elbertina
46810;Georas;Dania;Dania.Georas@dev.null;Cordi
46870;Fleeta;Kial;Kial.Fleeta@dev.null;Phaidra
31799;Ranjiv;Fidelia;Fidelia.Ranjiv@dev.null;Kiersten
57933;Autrey;Hayley;Hayley.Autrey@dev.null;Sidonius
20833;Gilbertson;Maurene;Maurene.Gilbertson@dev.null;Zaslow
50687;Glenden;Malina;Malina.Glenden@dev.null;Iaverne
70477;Iiette;Gale;Gale.Iiette@dev.null;Heisel
24789;Daegal;Mureil;Mureil.Daegal@dev.null;Duwalt
56586;Serilda;Georgetta;Georgetta.Serilda@dev.null;Haymes
13903;Elvyn;Lynde;Lynde.Elvyn@dev.null;Nadia
27675;Tybald;Allis;Allis.Tybald@dev.null;Jethro
64225;Gilbertson;Norine;Norine.Gilbertson@dev.null;Pillsbury
60772;Cimbura;Paola;Paola.Cimbura@dev.null;Federica
23239;Esmaria;Delilah;Delilah.Esmaria@dev.null;Delila
82809;Brunell;Janey;Janey.Brunell@dev.null;Narton
83560;Khorma;Binny;Binny.Khorma@dev.null;Chrystel
69088;Diann;Selma;Selma.Diann@dev.null;Janith
84874;Lytton;Althea;Althea.Lytton@dev.null;MacIntosh
16877;Joni;Danny;Danny.Joni@dev.null;Urania
53364;Nea;Averyl;Averyl.Nea@dev.null;Dom
21963;Aida;Joleen;Joleen.Aida@dev.null;Ulphia
79110;Margret;Dode;Dode.Margret@dev.null;Rustice
29374;Cornelia;Joleen;Joleen.Cornelia@dev.null;Morgun
94411;Sibyls;Cassondra;Cassondra.Sibyls@dev.null;Hutchison
47518;Sprage;Winny;Winny.Sprage@dev.null;Decato
82468;Cristi;Imojean;Imojean.Cristi@dev.null;Corrine
16091;Kiyoshi;Bertine;Bertine.Kiyoshi@dev.null;Maxi
96574;Evvie;Ofilia;Ofilia.Evvie@dev.null;Noelyn
82553;Grosz;Ricky;Ricky.Grosz@dev.null;Adamsen
35760;Kussell;Pamella;Pamella.Kussell@dev.null;Colbert
94971;Grosz;Louella;Louella.Grosz@dev.null;Seumas
18030;Lowry;Konstance;Konstance.Lowry@dev.null;Anton
90524;Barbey;Bee;Bee.Barbey@dev.null;Socha
56768;Ilka;Romona;Romona.Ilka@dev.null;Guthrie
60005;Idelia;Almeta;Almeta.Idelia@dev.null;Helve
64294;Sibyls;Marline;Marline.Sibyls@dev.null;Meli
50659;Lynn;Giustina;Giustina.Lynn@dev.null;Llovera
99622;Rolf;Chandra;Chandra.Rolf@dev.null;Sherfield
86199;Merat;Ariela;Ariela.Merat@dev.null;Jess
38982;Naor;Katharina;Katharina.Naor@dev.null;katnao
23614;Malvino;Carmencita;Carmencita.Malvino@dev.null;Felecia
62052;Lorenz;Lory;Lory.Lorenz@dev.null;Kimmie
49652;Rudolph;Roberta;Roberta.Rudolph@dev.null;robrud
52247;Sundin;Kaia;Kaia.Sundin@dev.null;Drus
28949;Milde;Nataline;Nataline.Milde@dev.null;Morehouse
40528;Noman;Adore;Adore.Noman@dev.null;Truc
43750;Esmaria;Elise;Elise.Esmaria@dev.null;Zeeba
52633;Briney;Collen;Collen.Briney@dev.null;colbri
66437;Jalbert;Rani;Rani.Jalbert@dev.null;Maiah
31292;Niccolo;Margalo;Margalo.Niccolo@dev.null;marnic
40993;Sasnett;Yvonne;Yvonne.Sasnett@dev.null;Belanger
37580;Hashim;Cherilyn;Cherilyn.Hashim@dev.null;Vernier
76541;Magnolia;Kenna;Kenna.Magnolia@dev.null;Odell
50788;Ammann;Caritta;Caritta.Ammann@dev.null;Schalles
37309;Luhe;Briney;Briney.Luhe@dev.null;Alice
78042;Wind;Aimil;Aimil.Wind@dev.null;Ventre
29970;Delacourt;Vinita;Vinita.Delacourt@dev.null;Greyson
84415;Warthman;Carly;Carly.Warthman@dev.null;Stover
18185;Yam;Joceline;Joceline.Yam@dev.null;Braun
84791;Shelba;Tani;Tani.Shelba@dev.null;Gunn
24743;Schlosser;Meriel;Meriel.Schlosser@dev.null;Carbo
35607;Concha;Reeba;Reeba.Concha@dev.null;Millda
92191;Shama;Alia;Alia.Shama@dev.null;Burch
24958;Dermott;Brianna;Brianna.Dermott@dev.null;Beebe
76404;Drus;Shel;Shel.Drus@dev.null;Tannie
75163;Couture;Farrah;Farrah.Couture@dev.null;Aaberg
66897;Docilla;Deedee;Deedee.Docilla@dev.null;Raffo
14031;Ventre;Evita;Evita.Ventre@dev.null;Scammon
76484;Parette;Annecorinne;Annecorinne.Parette@dev.null;Shirberg
18455;Kiyoshi;Edith;Edith.Kiyoshi@dev.null;Chem
66074;Anastatius;Roz;Roz.Anastatius@dev.null;Evangelia
50141;Delacourt;Aeriela;Aeriela.Delacourt@dev.null;Ellerey
39784;Center;Brietta;Brietta.Center@dev.null;Noam
46026;Lytton;Tabbatha;Tabbatha.Lytton@dev.null;Faria
47829;Cloris;Brynna;Brynna.Cloris@dev.null;Tristram
22347;Narton;Silvana;Silvana.Narton@dev.null;Korey
22105;Harday;Giustina;Giustina.Harday@dev.null;Vilma
64887;Toni;Jacquetta;Jacquetta.Toni@dev.null;Liva
98884;Dielu;Dyann;Dyann.Dielu@dev.null;Lauraine
38345;Guthrie;Delilah;Delilah.Guthrie@dev.null;Catie
48156;Monaco;Therine;Therine.Monaco@dev.null;Noman
89094;Raimondo;Ericka;Ericka.Raimondo@dev.null;Eachern
71386;Teddman;Barbara;Barbara.Teddman@dev.null;Eiser
89477;Maurine;Larine;Larine.Maurine@dev.null;Longfellow
19797;Baylor;Lizzie;Lizzie.Baylor@dev.null;Creamer
64200;Saree;Bibby;Bibby.Saree@dev.null;Lareena
29808;Bibi;Albertina;Albertina.Bibi@dev.null;Paine
88141;Juliet;Carlie;Carlie.Juliet@dev.null;Gwenore
89657;Evvie;Tabbatha;Tabbatha.Evvie@dev.null;Fabiola
21396;Devlen;Charmaine;Charmaine.Devlen@dev.null;chadev
87671;Rebecka;Lonnie;Lonnie.Rebecka@dev.null;Elvyn
69735;Ventre;Ottilie;Ottilie.Ventre@dev.null;Allys
54966;Carey;Melanie;Melanie.Carey@dev.null;Tamar
89313;Bouchard;Suzette;Suzette.Bouchard@dev.null;Wolfgram
94587;Zuzana;Dania;Dania.Zuzana@dev.null;Klotz
47501;Shirberg;Basia;Basia.Shirberg@dev.null;basshi
83951;Suanne;Kaja;Kaja.Suanne@dev.null;Thunell
50054;Socha;Glynnis;Glynnis.Socha@dev.null;Fontana
64630;Hermes;Ninnetta;Ninnetta.Hermes@dev.null;Henrie
78118;Trace;Leontine;Leontine.Trace@dev.null;Rolf
68168;Philoo;Flory;Flory.Philoo@dev.null;Kronfeld
11067;Sinegold;Aili;Aili.Sinegold@dev.null;Mehalek
98043;Standing;Sandie;Sandie.Standing@dev.null;Rosalba
57675;Waldron;Merry;Merry.Waldron@dev.null;Callista
50309;Sibyls;Misha;Misha.Sibyls@dev.null;Odysseus
58457;Cottle;Daryl;Daryl.Cottle@dev.null;Bury
82054;Sheng;Blinni;Blinni.Sheng@dev.null;Ralfston
80376;Lanita;Kary;Kary.Lanita@dev.null;Earlie
43728;Raychel;Flo;Flo.Raychel@dev.null;Audly
61868;Plato;Dotty;Dotty.Plato@dev.null;Raimondo
21301;Haerr;Elfreda;Elfreda.Haerr@dev.null;Stav
66759;Emanuel;Noelle;Noelle.Emanuel@dev.null;Dorcy
58442;Ortrude;Daphne;Daphne.Ortrude@dev.null;Lanita
95907;Caitlin;Marguerite;Marguerite.Caitlin@dev.null;Libna
64423;Noman;Jolyn;Jolyn.Noman@dev.null;jolnom
44022;Ashely;Britte;Britte.Ashely@dev.null;Lutero
71928;Halsey;Fayre;Fayre.Halsey@dev.null;Anastatius
12375;Camden;Clo;Clo.Camden@dev.null;Grayce
45234;Mandler;Elvira;Elvira.Mandler@dev.null;Quinn
78738;Carri;Diena;Diena.Carri@dev.null;Daegal
26757;Bonilla;Doro;Doro.Bonilla@dev.null;Janene
42378;Willie;Thalia;Thalia.Willie@dev.null;thawil
29859;Fitzsimmons;Quintina;Quintina.Fitzsimmons@dev.null;Allare
42941;Alrich;Celene;Celene.Alrich@dev.null;Emmaline
97857;Lenny;Judy;Judy.Lenny@dev.null;Wadell
31867;MacIntosh;Lynea;Lynea.MacIntosh@dev.null;lynmac
41685;McLaughlin;Sharai;Sharai.McLaughlin@dev.null;Constancy
94220;Corrine;Netty;Netty.Corrine@dev.null;Sundin
18688;Lowry;Wileen;Wileen.Lowry@dev.null;Jena
19580;Chandler;Glenda;Glenda.Chandler@dev.null;Tamsky
31088;Westphal;Clary;Clary.Westphal@dev.null;Uund
74704;Candy;Ilse;Ilse.Candy@dev.null;Ciro
79408;Grayce;Dotty;Dotty.Grayce@dev.null;Lattie
60951;Bendick;Frieda;Frieda.Bendick@dev.null;Allina
49754;Marijo;Gloria;Gloria.Marijo@dev.null;Ackerley
65609;Ellerey;Dennie;Dennie.Ellerey@dev.null;Crudden
65975;Hathaway;Kial;Kial.Hathaway@dev.null;Mullane
84699;Thomasina;Heida;Heida.Thomasina@dev.null;Ovid
70974;Dituri;Christy;Christy.Dituri@dev.null;Himelman
46409;Burch;Bibby;Bibby.Burch@dev.null;bibbur
70003;Romelda;Selma;Selma.Romelda@dev.null;Charmine
50031;Hilbert;Elmira;Elmira.Hilbert@dev.null;Infield
23254;Serilda;Cordi;Cordi.Serilda@dev.null;corser
99084;Mitzi;Dede;Dede.Mitzi@dev.null;Dulciana
33192;Peonir;Kayla;Kayla.Peonir@dev.null;Wildermuth
23977;Fulmer;Lexine;Lexine.Fulmer@dev.null;Koziara
96105;Tufts;Lauryn;Lauryn.Tufts@dev.null;Schwejda
48307;Tryck;Penelopa;Penelopa.Tryck@dev.null;Berl
98795;Ferino;Blake;Blake.Ferino@dev.null;Zetta
91665;Dimitris;Ellette;Ellette.Dimitris@dev.null;Hedve
68844;Evvie;Celene;Celene.Evvie@dev.null;Fiann
20157;Linehan;Clo;Clo.Linehan@dev.null;clolin
12770;Henebry;Jessy;Jessy.Henebry@dev.null;Turne
79964;Khorma;Joane;Joane.Khorma@dev.null;Evvie
15322;Franza;Nanete;Nanete.Franza@dev.null;nanfra
16109;Faso;Liana;Liana.Faso@dev.null;Terencio
77111;Mike;Jan;Jan.Mike@dev.null;Lissi
80947;Philoo;Brietta;Brietta.Philoo@dev.null;Rillings
70951;Solitta;Nannie;Nannie.Solitta@dev.null;Thomasina
22773;Brotherson;Lilith;Lilith.Brotherson@dev.null;Adrienne
66547;Wilkinson;Madalyn;Madalyn.Wilkinson@dev.null;Markman
26903;Carey;Amara;Amara.Carey@dev.null;amacar
28891;Sawtelle;Ofilia;Ofilia.Sawtelle@dev.null;ofisaw
97962;Ephrem;Ermengarde;Ermengarde.Ephrem@dev.null;Isidore
46888;Fleeta;Lyssa;Lyssa.Fleeta@dev.null;Tarrant
33866;Infield;Karena;Karena.Infield@dev.null;Esmaria
26300;Keelia;Ira;Ira.Keelia@dev.null;Vastah
47210;Bonilla;Albertina;Albertina.Bonilla@dev.null;Fennessy
71015;Haldas;Emilia;Emilia.Haldas@dev.null;Curren
11966;Fabiola;Tybie;Tybie.Fabiola@dev.null;Rozanna
95442;Croix;Karolina;Karolina.Croix@dev.null;Jagir
30531;Holbrook;Raf;Raf.Holbrook@dev.null;Faso
16343;Vanni;Sadie;Sadie.Vanni@dev.null;Vary
68691;Francyne;Briney;Briney.Francyne@dev.null;Hoenack
44770;Hathaway;Elbertina;Elbertina.Hathaway@dev.null;Stacy
84719;Chapland;Shaine;Shaine.Chapland@dev.null;Shama
65573;Roche;Katharina;Katharina.Roche@dev.null;Matthew
83399;Shaver;Roslyn;Roslyn.Shaver@dev.null;Ailyn
96062;Carey;Cacilie;Cacilie.Carey@dev.null;Suzetta
73092;Garrison;Danika;Danika.Garrison@dev.null;Urias
81269;Waldron;Briney;Briney.Waldron@dev.null;Codding
51293;Gahl;Zsa Zsa;Zsa Zsa.Gahl@dev.null;Mata
50859;Fancie;Melodie;Melodie.Fancie@dev.null;melfan
62218;Llovera;Myriam;Myriam.Llovera@dev.null;Anyah
75132;Horan;Celene;Celene.Horan@dev.null;Harl
39447;Felizio;Daune;Daune.Felizio@dev.null;Dalli
43266;Narton;Josephine;Josephine.Narton@dev.null;Kellby
59970;Wadell;Deloria;Deloria.Wadell@dev.null;Dunkin
63652;Screens;Kristina;Kristina.Screens@dev.null;Geffner
56817;Holtz;Etta;Etta.Holtz@dev.null;Peonir
72491;Ummersen;Donetta;Donetta.Ummersen@dev.null;Schonfeld
47705;Yerkovich;Chandra;Chandra.Yerkovich@dev.null;Mendez
95090;Avi;Jerry;Jerry.Avi@dev.null;Weaks
83523;Grimbly;Kalina;Kalina.Grimbly@dev.null;Monk
40885;Bluh;Dede;Dede.Bluh@dev.null;Sperling
81532;Arathorn;Larine;Larine.Arathorn@dev.null;Pierette
90762;Henrie;Zondra;Zondra.Henrie@dev.null;Brunell
35926;Klemperer;Paulita;Paulita.Klemperer@dev.null;Merat
91896;Klemperer;Cathie;Cathie.Klemperer@dev.null;Lowry
46527;Guthrie;Elsie;Elsie.Guthrie@dev.null;Havens
69539;Heisel;Blake;Blake.Heisel@dev.null;Kristi
35758;Taam;Lynea;Lynea.Taam@dev.null;Daveta
84481;Anselmi;Chere;Chere.Anselmi@dev.null;Thornburg
87285;Sprage;Mariann;Mariann.Sprage@dev.null;Japeth
45587;Nester;Natka;Natka.Nester@dev.null;natnes
77280;Joni;Kaja;Kaja.Joni@dev.null;Quent
52389;Shanley;Riannon;Riannon.Shanley@dev.null;riasha
66273;Erlandson;Shauna;Shauna.Erlandson@dev.null;shaerl
68349;Nunci;Ada;Ada.Nunci@dev.null;Kussell
75667;Schenck;Maud;Maud.Schenck@dev.null;Gale
11164;Desai;Florie;Florie.Desai@dev.null;flodes
37362;Buckler;Lindie;Lindie.Buckler@dev.null;Tice
45976;Weaks;Shaylyn;Shaylyn.Weaks@dev.null;Karna
62222;Hedve;Suzette;Suzette.Hedve@dev.null;Flyn
81614;Chandler;Danika;Danika.Chandler@dev.null;Bultman
38915;Hoenack;Kary;Kary.Hoenack@dev.null;Rosette
62073;Adalbert;Tami;Tami.Adalbert@dev.null;Grosz
36480;Kare;Malina;Malina.Kare@dev.null;Ingra
22169;Burnside;Viviene;Viviene.Burnside@dev.null;Cath
62520;Chrystel;Jennica;Jennica.Chrystel@dev.null;Lorain
61231;Remmer;Valera;Valera.Remmer@dev.null;Andrel
19129;Ball;Therine;Therine.Ball@dev.null;thebal
34257;Fax;Zsa Zsa;Zsa Zsa.Fax@dev.null;Payson
27315;Kelula;Winny;Winny.Kelula@dev.null;Eben
37322;Avi;Sashenka;Sashenka.Avi@dev.null;Melleta
93731;Ophelia;Augustine;Augustine.Ophelia@dev.null;Orlene
48396;Brady;Moyna;Moyna.Brady@dev.null;moybra
72741;Romelda;Elora;Elora.Romelda@dev.null;elorom
37093;Amethist;Flory;Flory.Amethist@dev.null;Bach
66165;Couture;Talya;Talya.Couture@dev.null;Bollay
38828;Vary;Myrtice;Myrtice.Vary@dev.null;Lay
12387;Cosenza;Bettine;Bettine.Cosenza@dev.null;Ferrell
23637;Warthman;Dawn;Dawn.Warthman@dev.null;Oscar
72807;Giule;Theodora;Theodora.Giule@dev.null;Othilia
21464;Bryna;Gui;Gui.Bryna@dev.null;Harned
19684;Koehler;Gwyneth;Gwyneth.Koehler@dev.null;Karl
29144;Stevy;Tori;Tori.Stevy@dev.null;Berriman
75356;Ludewig;Tamqrah;Tamqrah.Ludewig@dev.null;Peg
31626;Randene;Tori;Tori.Randene@dev.null;Clara
26564;Hessler;Althea;Althea.Hessler@dev.null;Afton
70072;Sawtelle;Brianna;Brianna.Sawtelle@dev.null;Jorgan
37225;Junie;Carilyn;Carilyn.Junie@dev.null;Holbrook
83527;Hathaway;Marnia;Marnia.Hathaway@dev.null;Arathorn
18247;Obed;Rivalee;Rivalee.Obed@dev.null;Shaver
47637;Silvan;Yolane;Yolane.Silvan@dev.null;Carey
78588;Kronfeld;Lorenza;Lorenza.Kronfeld@dev.null;lorkro
95349;Cath;Mallory;Mallory.Cath@dev.null;Christine
60684;O'Neill;Gisela;Gisela.O'Neill@dev.null;Brotherson
88034;Nisbet;Pierette;Pierette.Nisbet@dev.null;pienis
79301;Sundin;Diena;Diena.Sundin@dev.null;diesun
32900;Byrne;Carly;Carly.Byrne@dev.null;Moina
61899;Alexandr;Camile;Camile.Alexandr@dev.null;Nore
48919;Center;Dorthy;Dorthy.Center@dev.null;Silvan
50289;Alabaster;Tarra;Tarra.Alabaster@dev.null;Pandolfi
31414;Read;Nyssa;Nyssa.Read@dev.null;Granoff
36161;Grayce;Sharlene;Sharlene.Grayce@dev.null;Keily
60076;Fairweather;Phedra;Phedra.Fairweather@dev.null;Gerge
26693;Lauraine;Kamilah;Kamilah.Lauraine@dev.null;Timon
62523;Allare;Nariko;Nariko.Allare@dev.null;Maroney
98346;Alice;Kylynn;Kylynn.Alice@dev.null;Sheng
52652;Cadmar;Deloria;Deloria.Cadmar@dev.null;delcad
66734;Glovsky;Rhea;Rhea.Glovsky@dev.null;Marcellus
95658;Wallis;Sadie;Sadie.Wallis@dev.null;Ricarda
37699;Pearse;Mahalia;Mahalia.Pearse@dev.null;Ezar
83744;Shuler;Lory;Lory.Shuler@dev.null;lorshu
57999;Fredi;Dari;Dari.Fredi@dev.null;Fillbert
41447;Sherfield;Sadie;Sadie.Sherfield@dev.null;Susannah
44832;Marisa;Jean;Jean.Marisa@dev.null;Bow
63592;Ferrell;Carree;Carree.Ferrell@dev.null;carfer
42967;Kazimir;Gisela;Gisela.Kazimir@dev.null;giskaz
90582;Elo;Kimmy;Kimmy.Elo@dev.null;Stelle
87445;Mallon;Jinny;Jinny.Mallon@dev.null;jinmal
66769;Redmond;Alex;Alex.Redmond@dev.null;Buffum
96300;Moina;Cindelyn;Cindelyn.Moina@dev.null;cinmoi
79745;Vernier;Deedee;Deedee.Vernier@dev.null;deever
92671;Soneson;Rosene;Rosene.Soneson@dev.null;Salvidor
53924;Tamsky;Farrah;Farrah.Tamsky@dev.null;Georgy
60004;Argus;Dyann;Dyann.Argus@dev.null;dyaarg
86764;Grosz;Steffane;Steffane.Grosz@dev.null;Linskey
54684;Hourigan;Jackie;Jackie.Hourigan@dev.null;Concha
91309;Roscoe;Anestassia;Anestassia.Roscoe@dev.null;Hoban
35777;Beniamino;Nyssa;Nyssa.Beniamino@dev.null;Eldrid
27751;Autrey;Kathy;Kathy.Autrey@dev.null;Baudin
20697;Vilma;Maisey;Maisey.Vilma@dev.null;Mauer
11572;Docilla;June;June.Docilla@dev.null;Idelia
84102;Ciapas;Suzette;Suzette.Ciapas@dev.null;Lymann
60152;Hamil;Jaime;Jaime.Hamil@dev.null;Eckblad
16171;Daniele;Kial;Kial.Daniele@dev.null;Goerke